"Date","Price","Open","High","Low","Vol.","Change %"
"11/12/2024","17.94","17.44","18.04","16.90","","6.90%"
"11/11/2024","16.79","16.67","16.89","16.39","","0.06%"
"11/08/2024","16.78","16.56","17.11","16.11","","0.23%"
"11/07/2024","16.74","17.76","17.76","16.52","","-9.46%"
"11/06/2024","18.49","18.78","19.11","16.25","","-6.86%"
"11/05/2024","19.85","21.06","21.06","19.69","","-5.30%"
"11/04/2024","20.96","21.98","22.06","20.82","","-0.64%"
"11/01/2024","21.09","21.36","21.62","20.69","","-2.93%"
"10/31/2024","21.73","20.95","22.17","20.70","","9.03%"
"10/30/2024","19.93","19.28","20.39","19.14","","4.93%"
"10/29/2024","18.99","18.66","19.13","18.50","","1.80%"
"10/28/2024","18.66","19.22","19.43","18.54","","-1.36%"
"10/25/2024","18.92","19.14","19.32","18.62","","-1.33%"
"10/24/2024","19.17","18.62","19.21","18.34","","0.94%"
"10/23/2024","18.99","18.52","19.02","18.45","","2.02%"
"10/22/2024","18.62","18.41","19.49","18.18","","-1.23%"
"10/21/2024","18.85","17.90","18.87","17.65","","9.26%"
"10/18/2024","17.25","17.99","18.07","17.08","","-5.56%"
"10/17/2024","18.27","18.88","18.89","17.69","","-4.93%"
"10/16/2024","19.21","19.14","19.57","18.83","","3.31%"
"10/15/2024","18.60","17.54","18.98","17.51","","5.21%"
"10/14/2024","17.67","18.81","18.89","17.66","","-4.29%"
"10/11/2024","18.47","19.42","19.68","18.32","","-3.77%"
"10/10/2024","19.19","19.61","19.85","19.14","","-0.91%"
"10/09/2024","19.37","20.68","20.80","19.28","","-4.52%"
"10/08/2024","20.28","21.83","22.16","20.28","","0.31%"
"10/07/2024","20.22","20.84","21.16","20.09","","-0.17%"
"10/04/2024","20.25","21.47","21.50","19.66","","-4.55%"
"10/03/2024","21.22","20.54","21.58","20.30","","6.69%"
"10/02/2024","19.89","20.74","21.45","19.76","","-5.75%"
"10/01/2024","21.10","18.15","21.53","17.68","","16.82%"
"09/30/2024","18.06","17.22","18.16","17.20","","13.24%"
"09/27/2024","15.95","16.20","16.32","15.95","","-2.60%"
"09/26/2024","16.38","15.77","16.59","15.67","","1.01%"
"09/25/2024","16.22","16.50","16.52","16.10","","1.22%"
"09/24/2024","16.02","16.01","16.66","15.71","","-2.13%"
"09/23/2024","16.37","17.16","17.22","16.18","","1.13%"
"09/20/2024","16.19","15.54","16.97","15.48","","4.97%"
"09/19/2024","15.42","16.22","16.22","15.38","","-9.62%"
"09/18/2024","17.06","16.75","17.47","16.61","","2.90%"
"09/17/2024","16.58","16.82","16.89","16.34","","-3.13%"
"09/16/2024","17.12","16.92","17.27","16.34","","6.62%"
"09/13/2024","16.05","16.92","17.06","15.99","","-8.45%"
"09/12/2024","17.53","17.90","18.59","17.36","","-10.54%"
"09/11/2024","19.60","19.08","20.38","18.25","","0.28%"
"09/10/2024","19.54","19.70","20.11","18.91","","-3.39%"
"09/09/2024","20.23","22.37","22.37","19.72","","-10.43%"
"09/06/2024","22.58","21.07","22.59","17.95","","12.64%"
"09/05/2024","20.05","20.24","20.82","19.21","","0.92%"
"09/04/2024","19.87","19.48","21.11","19.09","","14.59%"
"09/03/2024","17.34","15.49","17.63","15.19","","12.48%"
"09/02/2024","15.41","15.90","16.49","15.41","","0.94%"
"08/30/2024","15.27","15.36","15.36","14.99","","0.23%"
"08/29/2024","15.23","15.30","15.32","14.89","","-2.28%"
"08/28/2024","15.59","15.29","15.63","14.91","","0.86%"
"08/27/2024","15.46","15.55","15.64","15.38","","-1.31%"
"08/26/2024","15.66","15.76","15.77","15.19","","2.32%"
"08/23/2024","15.31","15.89","15.95","15.30","","-4.39%"
"08/22/2024","16.01","15.39","16.07","15.26","","3.46%"
"08/21/2024","15.48","15.62","15.78","15.02","","0.10%"
"08/20/2024","15.46","14.83","15.47","14.59","","3.64%"
"08/19/2024","14.92","15.39","15.61","14.77","","2.87%"
"08/16/2024","14.50","15.78","15.86","14.50","","-5.28%"
"08/15/2024","15.31","16.06","16.78","15.05","","-8.67%"
"08/14/2024","16.76","17.80","17.92","16.75","","-8.61%"
"08/13/2024","18.34","19.08","19.88","18.30","","-4.92%"
"08/12/2024","19.29","19.13","19.56","18.53","","-5.56%"
"08/09/2024","20.43","21.23","22.11","19.95","","-5.55%"
"08/08/2024","21.63","21.27","24.06","21.23","","4.25%"
"08/07/2024","20.75","25.24","25.25","20.49","","-17.23%"
"08/06/2024","25.07","30.49","30.49","24.43","","-19.57%"
"08/05/2024","31.17","29.51","40.87","29.51","","27.12%"
"08/02/2024","24.52","20.38","24.82","19.86","","35.32%"
"08/01/2024","18.12","16.02","18.46","16.01","","15.09%"
"07/31/2024","15.74","16.66","16.67","15.74","","-4.78%"
"07/30/2024","16.53","16.54","16.75","16.12","","-1.76%"
"07/29/2024","16.83","16.21","17.08","16.21","","4.23%"
"07/26/2024","16.15","16.74","16.82","16.02","","-4.63%"
"07/25/2024","16.93","17.39","18.36","16.90","","5.40%"
"07/24/2024","16.06","15.35","16.16","15.35","","8.50%"
"07/23/2024","14.80","15.30","15.47","14.80","","-5.65%"
"07/22/2024","15.69","16.33","16.37","15.55","","-5.04%"
"07/19/2024","16.52","16.32","16.88","15.88","","5.01%"
"07/18/2024","15.73","14.66","15.84","14.26","","8.16%"
"07/17/2024","14.55","14.03","15.18","13.72","","4.92%"
"07/16/2024","13.86","14.30","14.43","13.78","","2.00%"
"07/15/2024","13.59","13.70","13.82","13.08","","4.08%"
"07/12/2024","13.06","13.38","13.43","12.83","","-2.66%"
"07/11/2024","13.42","13.95","14.06","13.35","","-3.26%"
"07/10/2024","13.87","14.32","14.41","13.83","","-4.99%"
"07/09/2024","14.60","13.69","14.69","13.23","","9.81%"
"07/08/2024","13.29","14.14","14.14","13.12","","-7.86%"
"07/05/2024","14.43","14.37","15.21","14.13","","-1.31%"
"07/04/2024","14.62","14.64","14.74","14.44","","-1.45%"
"07/03/2024","14.83","15.58","15.58","14.68","","-6.62%"
"07/02/2024","15.88","16.58","17.24","15.75","","-0.08%"
"07/01/2024","15.90","18.12","18.13","15.63","","-13.13%"
"06/28/2024","18.30","18.83","18.97","17.99","","-4.00%"
"06/27/2024","19.06","18.74","19.50","18.67","","0.42%"
"06/26/2024","18.98","17.51","19.28","17.45","","5.21%"
"06/25/2024","18.04","17.79","18.10","17.66","","3.77%"
"06/24/2024","17.38","17.64","17.73","17.22","","-1.25%"
"06/21/2024","17.60","17.97","19.08","17.55","","-0.84%"
"06/20/2024","17.75","18.19","18.20","17.40","","-4.14%"
"06/19/2024","18.52","18.41","18.70","17.75","","-0.45%"
"06/18/2024","18.60","19.24","19.56","18.26","","-6.56%"
"06/17/2024","19.91","19.49","21.25","18.97","","0.21%"
"06/14/2024","19.87","17.36","22.18","17.36","","18.61%"
"06/13/2024","16.75","14.38","17.01","14.26","","13.40%"
"06/12/2024","14.77","15.61","15.82","14.51","","-6.27%"
"06/11/2024","15.76","14.31","16.65","14.16","","8.64%"
"06/10/2024","14.51","14.88","15.61","14.48","","9.19%"
"06/07/2024","13.29","13.22","13.96","13.14","","-0.40%"
"06/06/2024","13.34","13.62","13.78","13.32","","-4.27%"
"06/05/2024","13.93","14.25","14.35","13.90","","-5.48%"
"06/04/2024","14.74","14.43","15.29","14.34","","4.86%"
"06/03/2024","14.06","13.66","14.14","13.40","","-0.56%"
"05/31/2024","14.14","14.13","14.31","13.64","","1.13%"
"05/30/2024","13.98","14.60","14.65","13.87","","-0.68%"
"05/29/2024","14.08","13.75","14.71","13.71","","5.72%"
"05/28/2024","13.31","12.88","13.56","12.75","","3.34%"
"05/27/2024","12.88","12.97","12.99","12.71","","2.18%"
"05/24/2024","12.61","13.33","13.53","12.54","","0.75%"
"05/23/2024","12.52","12.51","12.85","12.11","","-1.79%"
"05/22/2024","12.74","12.61","12.75","12.35","","1.60%"
"05/21/2024","12.54","12.50","13.08","12.48","","0.80%"
"05/20/2024","12.44","12.59","12.60","12.32","","2.53%"
"05/17/2024","12.13","12.82","12.98","12.14","","-5.15%"
"05/16/2024","12.79","12.62","12.85","12.46","","-2.27%"
"05/15/2024","13.09","13.90","14.05","12.99","","-6.20%"
"05/14/2024","13.96","13.94","14.15","13.82","","0.23%"
"05/13/2024","13.92","13.87","13.98","13.85","","2.37%"
"05/10/2024","13.60","13.39","13.63","13.28","","1.03%"
"05/09/2024","13.46","13.61","13.85","13.46","","-1.88%"
"05/08/2024","13.72","13.97","13.97","13.70","","-2.58%"
"05/07/2024","14.09","14.15","14.34","14.03","","-1.50%"
"05/06/2024","14.30","14.66","14.73","14.28","","-0.97%"
"05/03/2024","14.44","15.16","15.27","14.18","","-6.44%"
"05/02/2024","15.43","15.81","15.86","15.23","","-0.89%"
"05/01/2024","15.57","15.57","15.57","15.57","","0.00%"
"04/30/2024","15.57","15.13","15.56","14.94","","3.03%"
"04/29/2024","15.11","15.44","15.47","15.08","","-1.03%"
"04/26/2024","15.26","15.57","15.69","15.19","","-6.68%"
"04/25/2024","16.36","15.79","17.22","15.60","","4.74%"
"04/24/2024","15.62","15.44","15.69","15.18","","-1.12%"
"04/23/2024","15.79","16.41","16.44","15.70","","-7.71%"
"04/22/2024","17.11","17.79","18.20","16.90","","-5.91%"
"04/19/2024","18.19","18.68","19.79","18.14","","3.84%"
"04/18/2024","17.52","18.02","18.29","17.45","","-5.17%"
"04/17/2024","18.47","19.13","19.13","17.42","","-5.88%"
"04/16/2024","19.63","20.20","20.21","19.03","","5.98%"
"04/15/2024","18.52","17.71","18.71","16.81","","-1.47%"
"04/12/2024","18.79","15.49","20.22","15.48","","12.54%"
"04/11/2024","16.70","15.97","17.34","15.85","","5.00%"
"04/10/2024","15.91","15.64","16.68","15.31","","-2.43%"
"04/09/2024","16.30","15.64","16.68","15.30","","5.01%"
"04/08/2024","15.52","16.14","16.14","15.37","","-3.70%"
"04/05/2024","16.12","15.79","16.38","15.64","","17.78%"
"04/04/2024","13.69","14.23","14.26","13.69","","-3.95%"
"04/03/2024","14.25","14.95","15.03","14.24","","-6.14%"
"04/02/2024","15.18","13.97","15.56","13.81","","13.46%"
"03/29/2024","13.38","13.38","13.38","13.38","","0.00%"
"03/28/2024","13.38","12.80","13.41","12.67","","4.00%"
"03/27/2024","12.86","12.54","12.87","12.36","","3.29%"
"03/26/2024","12.45","12.58","12.72","12.40","","-0.33%"
"03/25/2024","12.49","12.96","12.99","12.44","","0.59%"
"03/22/2024","12.42","12.43","13.07","12.28","","1.97%"
"03/21/2024","12.18","12.76","12.76","12.17","","-5.98%"
"03/20/2024","12.96","13.30","13.36","12.81","","-1.23%"
"03/19/2024","13.12","13.55","13.57","13.04","","-2.41%"
"03/18/2024","13.44","13.75","13.83","13.41","","0.96%"
"03/15/2024","13.31","13.33","13.40","12.82","","0.00%"
"03/14/2024","13.32","12.29","13.66","12.22","","1.36%"
"03/13/2024","13.14","13.58","13.58","13.11","","-3.98%"
"03/12/2024","13.68","14.52","14.54","13.59","","-7.13%"
"03/11/2024","14.73","14.77","15.08","14.64","","7.36%"
"03/08/2024","13.72","13.87","14.09","13.49","","-1.31%"
"03/07/2024","13.90","14.69","14.74","13.70","","-1.83%"
"03/06/2024","14.16","14.54","14.58","14.06","","-3.61%"
"03/05/2024","14.69","14.05","14.73","13.89","","6.87%"
"03/04/2024","13.75","14.10","14.11","13.73","","-0.27%"
"03/01/2024","13.78","13.51","13.87","13.47","","0.00%"
"02/29/2024","13.78","13.97","14.27","13.66","","-0.58%"
"02/28/2024","13.86","13.40","13.86","13.38","","3.79%"
"02/27/2024","13.36","13.35","13.45","13.11","","-0.59%"
"02/26/2024","13.44","14.10","14.10","13.43","","-1.89%"
"02/23/2024","13.70","13.85","13.86","13.33","","-0.86%"
"02/22/2024","13.81","13.86","14.11","13.75","","-5.07%"
"02/21/2024","14.55","14.21","14.76","14.14","","2.48%"
"02/20/2024","14.20","14.22","14.45","14.00","","0.87%"
"02/19/2024","14.08","14.65","14.65","14.05","","2.11%"
"02/16/2024","13.79","14.08","14.61","13.79","","-3.74%"
"02/15/2024","14.32","14.10","14.48","13.99","","-0.84%"
"02/14/2024","14.44","15.12","15.12","14.25","","-3.88%"
"02/13/2024","15.03","14.62","15.55","14.58","","4.62%"
"02/12/2024","14.36","14.34","14.36","14.02","","2.67%"
"02/09/2024","13.99","13.75","14.10","13.49","","1.65%"
"02/08/2024","13.76","13.58","13.81","13.41","","0.90%"
"02/07/2024","13.64","13.53","13.71","13.31","","0.19%"
"02/06/2024","13.61","13.87","13.90","13.56","","-3.84%"
"02/05/2024","14.16","14.61","14.68","13.93","","0.81%"
"02/02/2024","14.04","14.28","14.30","13.90","","-5.14%"
"02/01/2024","14.81","15.04","15.06","14.12","","-0.09%"
"01/31/2024","14.82","14.15","14.84","13.93","","5.05%"
"01/30/2024","14.11","14.10","14.29","13.90","","0.35%"
"01/29/2024","14.06","14.18","14.19","13.80","","3.30%"
"01/26/2024","13.61","13.63","14.17","13.54","","0.23%"
"01/25/2024","13.58","13.67","13.94","13.45","","0.86%"
"01/24/2024","13.46","13.55","13.55","13.01","","-0.88%"
"01/23/2024","13.58","13.76","13.99","13.49","","-1.92%"
"01/22/2024","13.85","14.12","14.60","13.85","","-2.31%"
"01/19/2024","14.17","14.15","14.67","14.00","","-2.32%"
"01/18/2024","14.51","14.94","14.98","14.48","","-3.80%"
"01/17/2024","15.08","15.10","15.93","14.92","","6.58%"
"01/16/2024","14.15","14.83","14.94","14.08","","0.29%"
"01/15/2024","14.11","13.79","14.21","13.72","","5.12%"
"01/12/2024","13.42","13.48","13.81","13.29","","-3.56%"
"01/11/2024","13.92","13.36","13.93","13.25","","3.94%"
"01/10/2024","13.39","13.58","13.59","13.31","","-2.22%"
"01/09/2024","13.70","13.96","14.18","13.57","","-2.18%"
"01/08/2024","14.00","14.58","14.97","13.89","","-0.83%"
"01/05/2024","14.12","14.84","15.38","13.94","","-1.33%"
"01/04/2024","14.31","15.30","15.34","14.26","","-7.62%"
"01/03/2024","15.49","14.31","15.69","14.26","","6.89%"
"01/02/2024","14.49","14.01","14.82","13.77","","6.75%"
"12/29/2023","13.57","13.37","13.63","13.17","","0.44%"
"12/28/2023","13.52","13.31","13.76","13.27","","0.62%"
"12/27/2023","13.43","14.14","14.14","13.39","","-0.97%"
"12/22/2023","13.56","13.72","13.74","13.26","","-0.22%"
"12/21/2023","13.59","13.30","13.68","13.12","","6.75%"
"12/20/2023","12.74","12.86","13.04","12.37","","-0.72%"
"12/19/2023","12.83","12.75","12.87","12.51","","-0.65%"
"12/18/2023","12.91","13.00","13.17","12.73","","6.49%"
"12/15/2023","12.12","12.70","12.70","11.99","","-2.64%"
"12/14/2023","12.45","12.84","12.86","11.91","","-7.73%"
"12/13/2023","13.50","13.06","13.53","12.86","","2.21%"
"12/12/2023","13.20","13.66","13.89","13.20","","-3.69%"
"12/11/2023","13.71","13.99","14.03","13.71","","0.06%"
"12/08/2023","13.70","14.09","14.25","13.45","","-3.56%"
"12/07/2023","14.21","14.47","14.73","14.16","","0.92%"
"12/06/2023","14.08","13.93","14.13","13.79","","0.57%"
"12/05/2023","14.00","14.03","14.31","13.98","","-0.87%"
"12/04/2023","14.12","14.15","14.30","13.90","","4.57%"
"12/01/2023","13.50","13.50","13.69","13.32","","-2.25%"
"11/30/2023","13.81","14.24","14.49","13.73","","-2.69%"
"11/29/2023","14.20","13.92","14.20","13.64","","0.18%"
"11/28/2023","14.17","14.34","14.52","14.11","","1.03%"
"11/27/2023","14.03","13.99","14.11","13.74","","4.72%"
"11/24/2023","13.40","13.76","13.86","13.33","","-1.81%"
"11/23/2023","13.64","13.49","13.66","13.28","","1.17%"
"11/22/2023","13.48","13.83","13.86","13.48","","-4.13%"
"11/21/2023","14.06","13.99","14.18","13.73","","0.39%"
"11/20/2023","14.01","14.38","14.53","13.81","","1.17%"
"11/17/2023","13.85","14.48","14.57","13.84","","-5.69%"
"11/16/2023","14.68","14.56","14.71","14.43","","-0.85%"
"11/15/2023","14.81","14.90","15.00","14.57","","-1.45%"
"11/14/2023","15.03","15.97","16.10","14.99","","-5.29%"
"11/13/2023","15.87","16.40","16.45","15.86","","-1.08%"
"11/10/2023","16.04","16.30","16.75","16.04","","1.73%"
"11/09/2023","15.77","15.97","16.14","15.71","","-1.76%"
"11/08/2023","16.05","16.87","16.89","15.99","","-3.80%"
"11/07/2023","16.68","16.84","17.08","16.52","","-0.86%"
"11/06/2023","16.83","17.06","17.24","16.82","","-0.09%"
"11/03/2023","16.84","17.50","17.91","16.80","","-5.03%"
"11/02/2023","17.73","17.67","17.98","17.16","","-4.92%"
"11/01/2023","18.65","18.79","19.35","18.39","","-5.36%"
"10/31/2023","19.71","20.56","20.57","19.64","","-5.93%"
"10/30/2023","20.95","21.49","21.50","20.67","","0.77%"
"10/27/2023","20.79","21.55","21.57","20.67","","-3.32%"
"10/26/2023","21.50","22.02","22.45","20.92","","4.51%"
"10/25/2023","20.58","20.72","21.10","20.19","","-1.97%"
"10/24/2023","20.99","21.87","21.87","20.55","","-4.32%"
"10/23/2023","21.94","23.53","24.01","21.91","","-5.99%"
"10/20/2023","23.33","23.92","23.94","22.53","","4.62%"
"10/19/2023","22.30","22.10","22.93","21.61","","3.08%"
"10/18/2023","21.64","20.53","21.70","19.76","","8.87%"
"10/17/2023","19.87","19.52","20.73","19.21","","-0.21%"
"10/16/2023","19.92","20.33","21.30","19.51","","-1.31%"
"10/13/2023","20.18","17.55","20.26","17.55","","17.57%"
"10/12/2023","17.16","17.32","17.39","16.81","","-3.39%"
"10/11/2023","17.77","18.93","18.93","17.72","","-4.55%"
"10/10/2023","18.61","19.06","19.06","18.16","","-8.04%"
"10/09/2023","20.24","20.71","20.81","19.61","","8.55%"
"10/06/2023","18.65","19.06","19.86","18.58","","-5.14%"
"10/05/2023","19.66","20.10","20.11","19.26","","-2.77%"
"10/04/2023","20.22","20.77","21.24","19.71","","0.08%"
"10/03/2023","20.20","19.41","20.39","18.57","","6.78%"
"10/02/2023","18.92","17.76","19.41","17.57","","8.27%"
"09/29/2023","17.47","18.15","18.15","17.06","","-7.18%"
"09/28/2023","18.82","19.44","19.78","18.59","","-3.53%"
"09/27/2023","19.51","19.58","19.60","19.02","","-1.33%"
"09/26/2023","19.77","20.19","20.46","19.36","","3.64%"
"09/25/2023","19.08","17.72","19.53","17.45","","12.50%"
"09/22/2023","16.96","17.46","17.90","16.88","","-0.93%"
"09/21/2023","17.12","16.45","17.23","16.16","","11.11%"
"09/20/2023","15.41","16.25","16.30","15.40","","-5.75%"
"09/19/2023","16.35","16.31","16.44","15.59","","1.19%"
"09/18/2023","16.15","15.89","16.53","15.63","","9.70%"
"09/15/2023","14.73","14.68","14.86","13.96","","-0.16%"
"09/14/2023","14.75","16.21","16.39","14.66","","-10.63%"
"09/13/2023","16.50","16.84","17.30","16.36","","-0.07%"
"09/12/2023","16.52","16.27","16.71","16.09","","1.75%"
"09/11/2023","16.23","16.28","16.40","15.85","","0.27%"
"09/08/2023","16.19","16.50","17.48","16.06","","-4.71%"
"09/07/2023","16.99","17.19","17.31","16.55","","1.11%"
"09/06/2023","16.80","16.92","17.24","16.58","","2.74%"
"09/05/2023","16.35","17.14","17.24","16.23","","-1.85%"
"09/04/2023","16.66","15.97","16.90","15.72","","4.51%"
"09/01/2023","15.94","16.05","16.07","15.27","","-0.74%"
"08/31/2023","16.06","16.60","16.60","15.68","","-3.01%"
"08/30/2023","16.56","16.77","17.17","16.45","","-1.32%"
"08/29/2023","16.78","17.62","17.66","16.69","","-5.80%"
"08/28/2023","17.82","18.40","18.42","17.51","","-3.55%"
"08/25/2023","18.47","19.16","19.21","18.03","","-2.28%"
"08/24/2023","18.90","18.12","18.91","17.90","","2.19%"
"08/23/2023","18.50","18.63","19.17","18.18","","-3.29%"
"08/22/2023","19.13","19.10","19.26","18.54","","-3.57%"
"08/21/2023","19.84","19.99","20.11","19.25","","-2.02%"
"08/18/2023","20.25","20.77","21.65","20.21","","-0.53%"
"08/17/2023","20.35","19.44","20.39","18.67","","9.72%"
"08/16/2023","18.55","19.19","19.29","18.45","","-1.63%"
"08/15/2023","18.86","17.89","19.35","17.84","","4.46%"
"08/14/2023","18.05","18.92","18.96","18.00","","-1.75%"
"08/11/2023","18.37","18.38","19.40","18.19","","1.65%"
"08/10/2023","18.08","18.00","18.52","17.52","","-4.76%"
"08/09/2023","18.98","18.42","18.98","18.00","","-2.86%"
"08/08/2023","19.54","19.11","20.26","18.70","","4.92%"
"08/07/2023","18.62","19.43","19.61","18.36","","1.48%"
"08/04/2023","18.35","19.09","19.39","18.20","","-6.61%"
"08/03/2023","19.65","20.23","21.33","19.59","","-0.28%"
"08/02/2023","19.71","18.75","19.73","17.72","","14.64%"
"08/01/2023","17.19","16.35","17.24","16.25","","5.94%"
"07/31/2023","16.23","15.87","16.25","15.58","","6.62%"
"07/28/2023","15.22","15.54","15.74","14.96","","1.69%"
"07/27/2023","14.97","15.57","15.61","14.71","","-7.05%"
"07/26/2023","16.10","15.85","17.24","15.82","","4.01%"
"07/25/2023","15.48","15.69","15.87","15.39","","-0.35%"
"07/24/2023","15.53","15.95","16.01","15.50","","3.96%"
"07/21/2023","14.94","15.92","15.97","14.92","","-4.78%"
"07/20/2023","15.69","16.50","16.53","15.63","","-1.71%"
"07/19/2023","15.97","15.06","16.01","15.03","","2.96%"
"07/18/2023","15.51","15.87","15.89","15.30","","-2.06%"
"07/17/2023","15.83","15.69","16.68","15.47","","6.99%"
"07/14/2023","14.80","15.15","15.19","14.76","","-1.67%"
"07/13/2023","15.05","15.01","15.13","14.67","","-0.90%"
"07/12/2023","15.18","16.48","16.48","15.08","","-8.34%"
"07/11/2023","16.57","17.07","17.25","16.25","","-5.35%"
"07/10/2023","17.50","18.54","18.63","17.18","","-0.19%"
"07/07/2023","17.54","18.54","18.94","17.02","","-8.79%"
"07/06/2023","19.23","16.59","19.41","16.49","","25.72%"
"07/05/2023","15.29","14.77","15.61","14.77","","8.46%"
"07/04/2023","14.10","13.54","14.12","13.35","","3.29%"
"07/03/2023","13.65","13.87","13.87","13.35","","0.29%"
"06/30/2023","13.61","14.09","14.14","13.37","","-4.48%"
"06/29/2023","14.25","14.21","14.30","13.86","","0.27%"
"06/28/2023","14.21","14.94","15.04","14.19","","-6.52%"
"06/27/2023","15.20","15.40","16.04","15.13","","-4.25%"
"06/26/2023","15.88","16.21","17.18","15.68","","3.43%"
"06/23/2023","15.35","15.03","16.18","14.84","","3.33%"
"06/22/2023","14.86","15.63","16.05","14.85","","3.19%"
"06/21/2023","14.40","14.47","14.48","12.89","","-1.75%"
"06/20/2023","14.65","14.41","14.91","14.20","","3.08%"
"06/19/2023","14.22","13.61","14.24","13.56","","8.74%"
"06/16/2023","13.07","13.89","13.89","13.06","","-4.71%"
"06/15/2023","13.72","13.26","14.27","12.93","","-3.55%"
"06/14/2023","14.23","14.65","14.75","14.11","","-3.73%"
"06/13/2023","14.78","15.20","15.49","14.73","","-2.69%"
"06/12/2023","15.18","15.22","15.79","15.12","","1.30%"
"06/09/2023","14.99","15.12","15.62","14.81","","-0.72%"
"06/08/2023","15.10","15.61","15.83","15.09","","-1.49%"
"06/07/2023","15.33","15.31","15.78","15.25","","-0.46%"
"06/06/2023","15.40","16.37","16.49","15.38","","-4.46%"
"06/05/2023","16.12","16.65","16.86","16.06","","0.53%"
"06/02/2023","16.03","17.01","17.03","15.94","","-8.63%"
"06/01/2023","17.55","18.05","19.02","17.53","","-12.19%"
"05/31/2023","19.98","19.14","20.22","18.06","","11.27%"
"05/30/2023","17.96","18.14","18.15","16.44","","0.50%"
"05/29/2023","17.87","17.63","18.03","17.27","","1.54%"
"05/26/2023","17.60","19.19","20.30","17.16","","-11.39%"
"05/25/2023","19.86","20.56","21.09","19.62","","-5.11%"
"05/24/2023","20.93","20.02","21.16","19.58","","18.46%"
"05/23/2023","17.67","16.66","17.75","16.35","","8.31%"
"05/22/2023","16.31","16.25","17.00","16.12","","3.81%"
"05/19/2023","15.72","15.26","15.72","14.96","","0.35%"
"05/18/2023","15.66","16.44","16.62","15.65","","-7.61%"
"05/17/2023","16.95","17.08","17.47","16.55","","0.41%"
"05/16/2023","16.88","17.23","17.35","16.60","","-1.68%"
"05/15/2023","17.17","16.99","17.86","16.88","","0.94%"
"05/12/2023","17.01","17.86","17.91","16.95","","-8.34%"
"05/11/2023","18.56","18.16","19.50","17.73","","-0.58%"
"05/10/2023","18.67","18.70","19.52","18.08","","-1.36%"
"05/09/2023","18.92","18.32","19.39","18.13","","4.71%"
"05/08/2023","18.07","18.53","18.59","18.07","","-1.17%"
"05/05/2023","18.28","20.06","20.50","18.28","","-12.23%"
"05/04/2023","20.83","20.85","21.42","19.85","","4.46%"
"05/03/2023","19.94","19.51","20.00","19.01","","-3.04%"
"05/02/2023","20.57","17.98","20.62","17.67","","18.01%"
"04/28/2023","17.43","18.10","19.96","17.42","","-4.12%"
"04/27/2023","18.18","19.02","19.05","18.00","","-3.20%"
"04/26/2023","18.78","19.05","20.05","18.71","","4.76%"
"04/25/2023","17.93","18.12","18.45","17.55","","4.48%"
"04/24/2023","17.16","18.20","18.20","16.52","","0.42%"
"04/21/2023","17.08","17.90","18.59","17.07","","-3.62%"
"04/20/2023","17.73","17.23","18.19","17.23","","4.69%"
"04/19/2023","16.93","17.40","17.43","16.69","","0.22%"
"04/18/2023","16.90","16.90","17.12","16.27","","-3.22%"
"04/17/2023","17.46","16.61","17.55","16.43","","6.20%"
"04/14/2023","16.44","17.53","17.53","16.42","","-6.84%"
"04/13/2023","17.64","18.14","18.40","17.45","","-5.27%"
"04/12/2023","18.63","19.17","19.36","18.21","","-1.01%"
"04/11/2023","18.82","19.46","19.60","18.77","","-1.59%"
"04/07/2023","19.12","19.12","19.12","19.12","","0.00%"
"04/06/2023","19.12","19.47","19.93","19.09","","-4.07%"
"04/05/2023","19.93","18.88","20.27","18.75","","4.81%"
"04/04/2023","19.02","18.49","19.18","18.00","","-0.37%"
"04/03/2023","19.09","20.10","20.30","18.74","","-1.72%"
"03/31/2023","19.42","19.59","19.69","18.84","","-1.81%"
"03/30/2023","19.78","20.07","20.12","19.34","","-3.03%"
"03/29/2023","20.40","21.22","21.28","19.90","","-7.64%"
"03/28/2023","22.09","21.97","23.32","21.89","","-4.23%"
"03/27/2023","23.06","23.18","25.54","22.70","","-7.32%"
"03/24/2023","24.88","23.51","27.93","23.45","","15.36%"
"03/23/2023","21.57","22.13","23.35","20.91","","-3.03%"
"03/22/2023","22.25","23.80","24.14","21.57","","-7.74%"
"03/21/2023","24.11","26.31","26.50","24.08","","-15.19%"
"03/20/2023","28.43","33.09","33.50","27.17","","-5.34%"
"03/17/2023","30.04","25.09","31.27","24.61","","12.70%"
"03/16/2023","26.65","30.23","32.50","26.09","","-16.76%"
"03/15/2023","32.02","22.95","32.13","22.77","","40.67%"
"03/14/2023","22.76","25.44","26.09","22.12","","-11.99%"
"03/13/2023","25.86","21.88","30.19","21.86","","22.13%"
"03/10/2023","21.17","21.46","22.15","20.08","","17.52%"
"03/09/2023","18.02","18.23","18.72","17.72","","-0.23%"
"03/08/2023","18.06","18.77","18.99","17.95","","-2.00%"
"03/07/2023","18.43","18.11","18.73","17.88","","3.11%"
"03/06/2023","17.87","18.44","18.62","17.81","","-1.35%"
"03/03/2023","18.12","19.07","19.07","18.01","","-7.89%"
"03/02/2023","19.67","21.26","21.29","19.52","","-2.18%"
"03/01/2023","20.11","19.09","20.37","18.56","","3.11%"
"02/28/2023","19.50","20.39","20.67","19.14","","-2.32%"
"02/27/2023","19.96","21.35","21.40","19.70","","-7.88%"
"02/24/2023","21.67","19.65","22.16","19.65","","7.09%"
"02/23/2023","20.24","20.30","20.35","19.57","","-4.44%"
"02/22/2023","21.18","21.20","22.12","20.93","","1.35%"
"02/21/2023","20.89","19.94","21.76","19.94","","7.00%"
"02/20/2023","19.53","19.43","19.79","19.02","","1.55%"
"02/17/2023","19.23","19.78","20.46","18.82","","6.53%"
"02/16/2023","18.05","17.18","18.85","17.10","","2.48%"
"02/15/2023","17.62","18.77","18.79","17.59","","-6.78%"
"02/14/2023","18.90","19.76","19.80","18.06","","-4.49%"
"02/13/2023","19.79","20.60","20.66","19.73","","-3.33%"
"02/10/2023","20.47","18.92","21.32","18.75","","12.67%"
"02/09/2023","18.17","18.15","18.28","17.90","","-2.97%"
"02/08/2023","18.72","18.32","18.76","17.68","","-0.22%"
"02/07/2023","18.76","18.92","19.18","18.37","","0.64%"
"02/06/2023","18.64","17.63","19.28","17.63","","11.24%"
"02/03/2023","16.76","17.79","17.91","16.72","","0.53%"
"02/02/2023","16.67","17.25","17.58","16.49","","-10.85%"
"02/01/2023","18.70","18.71","19.03","18.45","","0.70%"
"01/31/2023","18.57","19.03","19.80","18.54","","-0.95%"
"01/30/2023","18.75","19.08","19.90","18.69","","8.44%"
"01/27/2023","17.29","18.09","18.23","17.29","","-4.88%"
"01/26/2023","18.17","17.84","18.40","17.70","","-1.36%"
"01/25/2023","18.42","18.08","19.19","17.98","","1.99%"
"01/24/2023","18.06","18.22","18.77","18.06","","-0.54%"
"01/23/2023","18.16","18.96","19.28","18.00","","-2.78%"
"01/20/2023","18.68","19.51","19.68","18.66","","-7.95%"
"01/19/2023","20.30","18.83","20.94","18.80","","12.02%"
"01/18/2023","18.12","18.01","18.15","17.38","","-2.68%"
"01/17/2023","18.62","18.53","18.77","18.01","","1.48%"
"01/16/2023","18.35","17.89","18.36","17.80","","5.79%"
"01/13/2023","17.34","17.75","17.89","17.07","","-3.34%"
"01/12/2023","17.94","19.50","19.76","17.94","","-7.22%"
"01/11/2023","19.34","19.09","19.41","18.78","","0.45%"
"01/10/2023","19.25","19.49","19.79","19.23","","1.34%"
"01/09/2023","19.00","19.06","19.08","18.62","","2.76%"
"01/06/2023","18.49","19.53","19.69","18.32","","-5.35%"
"01/05/2023","19.53","19.56","19.74","19.18","","0.44%"
"01/04/2023","19.45","19.88","20.05","19.40","","-4.10%"
"01/03/2023","20.28","20.97","20.98","20.14","","-2.38%"
"01/02/2023","20.77","21.06","21.26","20.73","","-0.56%"
"12/30/2022","20.89","20.37","20.89","20.12","","4.79%"
"12/29/2022","19.93","20.91","20.96","19.80","","-2.81%"
"12/28/2022","20.51","20.49","20.71","20.13","","-0.73%"
"12/27/2022","20.66","20.70","20.97","20.45","","3.09%"
"12/23/2022","20.04","20.32","20.60","19.83","","0.39%"
"12/22/2022","19.96","18.86","20.11","18.70","","4.72%"
"12/21/2022","19.06","20.21","20.21","18.99","","-7.89%"
"12/20/2022","20.69","21.71","22.07","20.35","","0.44%"
"12/19/2022","20.60","21.17","21.39","20.53","","-3.33%"
"12/16/2022","21.32","21.10","21.85","20.95","","2.27%"
"12/15/2022","20.84","19.57","21.31","19.13","","2.47%"
"12/14/2022","20.34","20.16","20.67","20.05","","-0.24%"
"12/13/2022","20.39","22.83","23.10","19.59","","-9.53%"
"12/12/2022","22.54","22.74","22.85","22.15","","5.34%"
"12/09/2022","21.40","21.70","22.23","21.22","","-1.82%"
"12/08/2022","21.79","22.02","22.43","21.58","","-1.06%"
"12/07/2022","22.03","21.09","22.13","20.95","","5.85%"
"12/06/2022","20.81","19.87","21.02","19.83","","4.98%"
"12/05/2022","19.82","20.14","20.17","19.43","","2.55%"
"12/02/2022","19.33","20.29","21.13","19.32","","-4.88%"
"12/01/2022","20.32","20.32","20.60","19.93","","-4.20%"
"11/30/2022","21.21","21.13","21.55","21.07","","-2.26%"
"11/29/2022","21.70","21.59","21.86","21.31","","0.82%"
"11/28/2022","21.52","21.03","21.73","20.99","","8.00%"
"11/25/2022","19.93","19.82","20.23","19.62","","1.87%"
"11/24/2022","19.56","19.38","19.72","19.13","","0.29%"
"11/23/2022","19.51","20.08","20.24","19.42","","-3.53%"
"11/22/2022","20.22","20.90","21.21","20.18","","-4.51%"
"11/21/2022","21.17","21.61","21.70","21.11","","1.39%"
"11/18/2022","20.88","21.55","21.57","20.78","","-4.27%"
"11/17/2022","21.82","20.93","22.35","20.68","","3.05%"
"11/16/2022","21.17","21.14","21.88","20.61","","1.51%"
"11/15/2022","20.86","20.90","21.18","20.41","","-0.41%"
"11/14/2022","20.94","21.35","21.53","20.54","","0.79%"
"11/11/2022","20.78","21.59","21.85","20.77","","-2.54%"
"11/10/2022","21.32","23.73","23.79","21.17","","-8.28%"
"11/09/2022","23.24","23.19","23.79","23.10","","2.80%"
"11/08/2022","22.61","22.89","22.94","22.39","","-0.23%"
"11/07/2022","22.66","23.74","23.74","22.57","","-1.06%"
"11/04/2022","22.91","23.57","23.69","22.34","","-3.64%"
"11/03/2022","23.77","24.21","24.97","23.71","","-3.76%"
"11/02/2022","24.70","24.54","25.03","24.38","","0.96%"
"11/01/2022","24.47","24.47","24.77","24.28","","-1.47%"
"10/31/2022","24.83","25.74","25.85","24.67","","-0.24%"
"10/28/2022","24.89","26.33","26.61","24.69","","-3.80%"
"10/27/2022","25.87","27.03","27.04","25.82","","-3.99%"
"10/26/2022","26.95","27.28","27.79","26.85","","-2.42%"
"10/25/2022","27.62","28.33","28.52","27.44","","-3.70%"
"10/24/2022","28.68","28.79","29.33","28.19","","3.04%"
"10/21/2022","27.83","28.24","28.72","27.37","","0.32%"
"10/20/2022","27.75","28.67","28.75","27.55","","-1.97%"
"10/19/2022","28.30","28.55","29.08","28.04","","-2.13%"
"10/18/2022","28.92","29.30","29.38","28.57","","-1.21%"
"10/17/2022","29.27","30.36","30.64","29.26","","-1.66%"
"10/14/2022","29.77","30.00","30.52","28.53","","-1.45%"
"10/13/2022","30.20","32.16","32.42","30.01","","-5.08%"
"10/12/2022","31.82","32.35","32.54","31.38","","-0.60%"
"10/11/2022","32.01","32.46","32.91","31.82","","0.44%"
"10/10/2022","31.87","31.51","32.15","30.96","","6.51%"
"10/07/2022","29.92","29.70","30.62","29.14","","2.58%"
"10/06/2022","29.17","29.05","29.73","28.91","","-2.31%"
"10/05/2022","29.86","29.47","30.11","29.09","","2.02%"
"10/04/2022","29.27","29.89","29.96","28.83","","-4.71%"
"10/03/2022","30.71","33.14","33.21","30.57","","0.02%"
"09/30/2022","30.71","31.88","32.54","30.47","","-7.15%"
"09/29/2022","33.07","32.12","33.78","31.78","","5.52%"
"09/28/2022","31.34","33.44","33.67","31.29","","0.07%"
"09/27/2022","31.32","30.65","31.35","29.66","","1.85%"
"09/26/2022","30.75","31.46","32.17","30.25","","2.53%"
"09/23/2022","30.00","28.07","30.81","27.92","","7.14%"
"09/22/2022","28.00","28.10","28.11","26.72","","2.67%"
"09/21/2022","27.27","28.59","28.65","27.00","","0.42%"
"09/20/2022","27.16","25.57","27.19","25.41","","3.70%"
"09/19/2022","26.19","27.56","27.75","25.93","","-0.92%"
"09/16/2022","26.43","26.44","27.05","25.84","","4.27%"
"09/15/2022","25.35","25.26","26.07","24.83","","-3.41%"
"09/14/2022","26.24","26.13","27.20","25.89","","0.78%"
"09/13/2022","26.04","24.71","26.09","24.05","","5.75%"
"09/12/2022","24.62","25.33","25.35","24.33","","-1.04%"
"09/09/2022","24.88","25.18","25.36","24.33","","-3.99%"
"09/08/2022","25.92","26.53","27.30","25.75","","-4.47%"
"09/07/2022","27.13","28.14","28.22","27.06","","-0.81%"
"09/06/2022","27.35","27.27","28.00","26.84","","-1.56%"
"09/05/2022","27.79","28.67","29.01","27.47","","8.95%"
"09/02/2022","25.50","27.86","27.98","25.39","","-12.50%"
"09/01/2022","29.15","28.80","29.45","27.90","","4.29%"
"08/31/2022","27.95","27.65","29.01","27.37","","-1.50%"
"08/30/2022","28.37","27.67","28.90","26.62","","-0.33%"
"08/29/2022","28.46","29.17","29.72","28.07","","6.77%"
"08/26/2022","26.66","24.16","26.82","23.98","","7.85%"
"08/25/2022","24.72","24.66","25.23","24.33","","-2.88%"
"08/24/2022","25.45","26.62","27.38","25.31","","-5.47%"
"08/23/2022","26.92","27.62","27.72","26.34","","-1.62%"
"08/22/2022","27.37","25.97","27.63","25.86","","11.34%"
"08/19/2022","24.58","23.06","24.58","22.90","","8.44%"
"08/18/2022","22.67","22.86","23.20","22.40","","-0.34%"
"08/17/2022","22.75","21.40","22.85","20.97","","6.60%"
"08/16/2022","21.34","21.54","21.72","21.02","","-1.15%"
"08/15/2022","21.59","22.30","22.44","21.58","","1.76%"
"08/12/2022","21.21","21.44","21.50","20.85","","-2.03%"
"08/11/2022","21.65","21.68","22.14","21.32","","-0.63%"
"08/10/2022","21.79","23.64","23.64","21.66","","-6.42%"
"08/09/2022","23.28","22.36","23.67","22.36","","5.43%"
"08/08/2022","22.08","22.75","22.95","22.08","","-3.36%"
"08/05/2022","22.85","21.95","23.49","21.93","","1.79%"
"08/04/2022","22.45","22.33","22.98","21.59","","0.49%"
"08/03/2022","22.34","24.15","24.20","22.24","","-6.02%"
"08/02/2022","23.77","24.70","24.95","23.58","","3.53%"
"08/01/2022","22.96","23.16","23.60","22.41","","2.95%"
"07/29/2022","22.30","21.94","22.32","21.59","","-1.11%"
"07/28/2022","22.55","23.77","24.10","22.53","","-6.19%"
"07/27/2022","24.04","25.03","25.06","24.00","","-5.96%"
"07/26/2022","25.57","24.82","25.74","24.47","","4.22%"
"07/25/2022","24.53","25.26","25.62","23.91","","1.96%"
"07/22/2022","24.06","25.61","25.70","23.57","","-5.85%"
"07/21/2022","25.55","27.31","27.51","25.17","","-6.74%"
"07/20/2022","27.40","26.67","28.35","26.54","","2.55%"
"07/19/2022","26.72","29.44","30.20","26.41","","-8.07%"
"07/18/2022","29.06","29.33","29.43","28.73","","0.85%"
"07/15/2022","28.82","31.73","31.76","28.66","","-9.42%"
"07/14/2022","31.82","29.93","32.67","29.41","","6.58%"
"07/13/2022","29.85","30.07","31.91","29.38","","2.02%"
"07/12/2022","29.26","29.80","30.45","28.91","","1.37%"
"07/11/2022","28.87","29.60","29.60","28.38","","4.77%"
"07/08/2022","27.55","28.82","29.16","27.24","","-2.70%"
"07/07/2022","28.32","29.08","29.22","28.29","","-5.95%"
"07/06/2022","30.11","30.19","30.79","29.32","","-4.73%"
"07/05/2022","31.60","28.28","31.64","28.09","","11.60%"
"07/04/2022","28.32","28.91","29.11","28.12","","-1.54%"
"07/01/2022","28.76","30.44","30.52","28.50","","-3.42%"
"06/30/2022","29.78","29.94","30.92","29.38","","5.93%"
"06/29/2022","28.11","27.65","28.61","27.32","","5.36%"
"06/28/2022","26.68","26.52","27.18","26.22","","-1.24%"
"06/27/2022","27.02","28.33","28.39","26.89","","-2.70%"
"06/24/2022","27.77","28.99","29.19","27.43","","-4.93%"
"06/23/2022","29.21","28.29","29.70","27.97","","1.84%"
"06/22/2022","28.68","30.21","30.26","28.47","","2.02%"
"06/21/2022","28.11","27.68","28.52","27.42","","-1.67%"
"06/20/2022","28.59","31.14","31.16","28.57","","-7.46%"
"06/17/2022","30.89","32.41","32.52","30.21","","-5.22%"
"06/16/2022","32.59","29.82","32.79","29.82","","8.39%"
"06/15/2022","30.07","30.62","31.33","29.29","","-4.73%"
"06/14/2022","31.57","31.23","33.15","30.56","","-0.76%"
"06/13/2022","31.81","30.37","32.24","30.30","","14.99%"
"06/10/2022","27.66","25.27","27.66","25.27","","15.39%"
"06/09/2022","23.97","23.55","24.45","22.74","","3.64%"
"06/08/2022","23.13","23.23","23.95","22.83","","-1.96%"
"06/07/2022","23.59","23.65","24.70","23.39","","2.71%"
"06/06/2022","22.97","23.09","23.31","22.45","","-1.82%"
"06/03/2022","23.39","23.35","23.64","22.76","","0.03%"
"06/02/2022","23.39","24.26","24.48","23.16","","-8.06%"
"06/01/2022","25.44","24.50","25.52","23.83","","0.75%"
"05/31/2022","25.25","24.61","25.83","24.27","","6.42%"
"05/30/2022","23.73","24.17","24.27","23.63","","-0.52%"
"05/27/2022","23.85","25.38","25.45","23.84","","-7.07%"
"05/26/2022","25.66","26.55","26.77","25.55","","-6.41%"
"05/25/2022","27.42","27.70","28.50","26.92","","-4.16%"
"05/24/2022","28.61","28.35","28.92","27.54","","3.75%"
"05/23/2022","27.58","28.41","29.12","27.57","","-3.77%"
"05/20/2022","28.66","27.90","29.02","26.80","","-2.75%"
"05/19/2022","29.47","29.58","31.37","29.08","","6.64%"
"05/18/2022","27.63","26.36","27.70","25.94","","5.31%"
"05/17/2022","26.24","27.09","27.12","26.19","","-7.01%"
"05/16/2022","28.22","30.45","30.55","28.20","","-3.08%"
"05/13/2022","29.11","31.63","31.98","29.00","","-10.13%"
"05/12/2022","32.40","33.45","34.26","31.86","","4.10%"
"05/11/2022","31.12","33.67","34.92","31.12","","-11.12%"
"05/10/2022","35.01","34.44","35.13","33.14","","-2.49%"
"05/09/2022","35.91","33.61","36.06","33.57","","9.48%"
"05/06/2022","32.80","33.56","35.34","32.11","","0.10%"
"05/05/2022","32.77","30.01","32.90","28.17","","4.92%"
"05/04/2022","31.23","30.96","31.24","30.11","","-0.48%"
"05/03/2022","31.38","32.00","32.95","31.29","","-7.88%"
"05/02/2022","34.07","33.44","36.00","33.17","","10.71%"
"04/29/2022","30.77","29.90","31.09","29.22","","-1.62%"
"04/28/2022","31.28","31.02","32.80","30.12","","-4.47%"
"04/27/2022","32.74","32.85","34.19","31.35","","0.11%"
"04/26/2022","32.71","29.61","33.84","28.79","","3.97%"
"04/25/2022","31.46","31.34","32.52","30.29","","10.99%"
"04/22/2022","28.34","25.97","28.70","25.94","","15.51%"
"04/21/2022","24.54","24.44","24.80","23.95","","-1.76%"
"04/20/2022","24.98","26.74","26.74","24.98","","-8.97%"
"04/19/2022","27.44","29.19","29.54","27.29","","2.58%"
"04/15/2022","26.75","26.75","26.75","26.75","","0.00%"
"04/14/2022","26.75","27.91","28.59","26.60","","-7.25%"
"04/13/2022","28.84","30.49","30.64","28.76","","-3.90%"
"04/12/2022","30.01","32.26","32.54","29.51","","-0.71%"
"04/11/2022","30.23","31.57","31.64","29.32","","-1.64%"
"04/08/2022","30.73","30.30","32.05","30.09","","-5.54%"
"04/07/2022","32.53","30.75","32.55","29.56","","0.91%"
"04/06/2022","32.24","29.31","33.80","29.27","","10.57%"
"04/05/2022","29.16","26.88","29.45","26.10","","9.09%"
"04/04/2022","26.73","29.53","29.62","26.61","","-6.23%"
"04/01/2022","28.50","29.11","29.10","27.90","","-1.69%"
"03/31/2022","28.99","27.01","29.51","26.93","","3.17%"
"03/30/2022","28.10","27.22","28.35","27.22","","5.71%"
"03/29/2022","26.58","28.91","28.97","26.58","","-12.85%"
"03/28/2022","30.50","31.65","31.75","29.43","","-5.35%"
"03/25/2022","32.23","31.87","33.54","30.78","","3.43%"
"03/24/2022","31.16","30.14","32.68","29.34","","1.24%"
"03/23/2022","30.77","27.31","31.63","26.96","","11.97%"
"03/22/2022","27.48","27.86","27.88","26.55","","-3.02%"
"03/21/2022","28.34","29.81","30.25","28.23","","-5.23%"
"03/18/2022","29.90","31.60","33.91","29.80","","-6.60%"
"03/17/2022","32.02","34.57","35.49","31.97","","-11.10%"
"03/16/2022","36.01","38.68","38.68","35.46","","-12.58%"
"03/15/2022","41.20","43.38","45.26","40.52","","1.37%"
"03/14/2022","40.64","41.11","41.98","39.43","","-1.77%"
"03/11/2022","41.37","42.20","42.80","37.76","","-4.56%"
"03/10/2022","43.35","42.80","45.43","41.78","","4.47%"
"03/09/2022","41.50","42.30","42.69","40.35","","-8.92%"
"03/08/2022","45.56","47.24","48.23","43.72","","-5.55%"
"03/07/2022","48.24","56.70","59.49","47.08","","-2.82%"
"03/04/2022","49.64","41.39","49.69","41.39","","22.72%"
"03/03/2022","40.45","37.10","41.74","36.88","","4.30%"
"03/02/2022","38.78","42.46","42.93","37.79","","-6.72%"
"03/01/2022","41.58","35.35","41.65","35.02","","17.81%"
"02/28/2022","35.29","37.55","40.39","34.94","","9.88%"
"02/25/2022","32.12","35.96","36.73","31.46","","-15.76%"
"02/24/2022","38.13","38.71","42.46","37.39","","13.96%"
"02/23/2022","33.46","30.35","34.24","29.02","","1.46%"
"02/22/2022","32.98","37.43","37.92","31.46","","-8.97%"
"02/21/2022","36.22","31.70","39.09","30.08","","15.86%"
"02/18/2022","31.27","28.57","33.00","27.94","","8.59%"
"02/17/2022","28.79","26.13","30.40","26.11","","8.19%"
"02/16/2022","26.61","25.40","27.81","24.72","","-1.63%"
"02/15/2022","27.06","28.56","28.72","26.60","","-9.98%"
"02/14/2022","30.05","31.99","33.95","29.05","","21.86%"
"02/11/2022","24.66","24.01","25.18","23.62","","12.92%"
"02/10/2022","21.84","20.99","22.90","20.99","","2.01%"
"02/09/2022","21.41","21.84","22.19","21.17","","-7.53%"
"02/08/2022","23.16","23.74","24.59","22.90","","-4.48%"
"02/07/2022","24.24","25.50","26.81","24.07","","-7.82%"
"02/04/2022","26.30","24.74","27.68","24.45","","8.11%"
"02/03/2022","24.33","23.76","25.43","23.30","","7.46%"
"02/02/2022","22.64","22.10","22.92","21.69","","-6.02%"
"02/01/2022","24.09","24.55","25.22","23.66","","-10.81%"
"01/31/2022","27.01","28.52","29.01","26.52","","-8.17%"
"01/28/2022","29.41","28.38","32.30","28.36","","4.93%"
"01/27/2022","28.03","29.91","30.79","26.95","","-1.09%"
"01/26/2022","28.34","28.27","29.03","27.21","","-9.91%"
"01/25/2022","31.45","31.28","33.55","29.95","","-3.76%"
"01/24/2022","32.68","25.74","34.76","25.43","","34.92%"
"01/21/2022","24.22","24.20","26.45","23.18","","18.71%"
"01/20/2022","20.40","21.80","22.75","20.35","","-8.74%"
"01/19/2022","22.36","22.68","22.88","20.59","","1.80%"
"01/18/2022","21.96","22.13","23.08","21.41","","9.60%"
"01/17/2022","20.04","21.08","21.13","19.82","","-6.35%"
"01/14/2022","21.40","20.20","21.99","19.98","","15.90%"
"01/13/2022","18.46","18.21","19.16","17.78","","0.86%"
"01/12/2022","18.30","18.86","19.42","17.68","","-7.50%"
"01/11/2022","19.79","20.54","21.41","19.72","","-12.23%"
"01/10/2022","22.54","20.85","23.72","20.46","","9.31%"
"01/07/2022","20.62","20.17","21.87","19.76","","2.62%"
"01/06/2022","20.10","21.17","22.41","19.84","","13.18%"
"01/05/2022","17.76","18.07","18.50","17.62","","-4.74%"
"01/04/2022","18.64","18.95","18.95","17.81","","-2.76%"
"01/03/2022","19.17","19.09","19.92","18.75","","-0.52%"
"12/31/2021","19.27","19.27","19.27","19.27","","0.00%"
"12/30/2021","19.27","19.56","19.61","18.66","","-4.54%"
"12/29/2021","20.18","19.15","20.57","18.77","","5.82%"
"12/28/2021","19.07","19.80","19.81","18.85","","-2.99%"
"12/27/2021","19.66","20.55","21.00","19.66","","3.28%"
"12/23/2021","19.04","20.18","20.66","18.84","","-9.53%"
"12/22/2021","21.04","22.33","22.81","21.02","","-7.84%"
"12/21/2021","22.83","24.22","24.84","22.76","","-14.91%"
"12/20/2021","26.83","28.37","29.57","25.52","","22.06%"
"12/17/2021","21.98","21.68","23.34","21.26","","6.66%"
"12/16/2021","20.61","19.94","21.22","19.49","","-16.69%"
"12/15/2021","24.74","23.54","24.90","23.37","","1.33%"
"12/14/2021","24.42","21.58","24.91","21.57","","6.08%"
"12/13/2021","23.02","22.20","23.59","21.06","","2.64%"
"12/10/2021","22.43","24.40","24.51","21.57","","-4.63%"
"12/09/2021","23.52","23.90","24.12","22.84","","-4.82%"
"12/08/2021","24.71","23.87","25.71","23.44","","-0.66%"
"12/07/2021","24.87","28.77","28.77","24.75","","-17.20%"
"12/06/2021","30.04","31.87","31.90","29.45","","-4.57%"
"12/03/2021","31.48","28.99","32.52","27.97","","3.32%"
"12/02/2021","30.47","28.80","31.58","27.57","","17.11%"
"12/01/2021","26.02","28.59","28.59","25.76","","-13.47%"
"11/30/2021","30.07","30.18","33.08","27.75","","4.39%"
"11/29/2021","28.80","31.29","31.29","27.61","","-10.86%"
"11/26/2021","32.31","29.09","32.50","26.66","","62.56%"
"11/25/2021","19.88","19.89","20.30","19.71","","-3.81%"
"11/24/2021","20.67","20.39","22.55","19.76","","0.12%"
"11/23/2021","20.64","21.28","22.27","19.57","","9.30%"
"11/22/2021","18.88","19.05","19.88","18.63","","-1.21%"
"11/19/2021","19.12","17.65","20.66","17.43","","7.58%"
"11/18/2021","17.77","16.77","18.35","16.55","","6.52%"
"11/17/2021","16.68","16.70","16.79","15.98","","-0.69%"
"11/16/2021","16.80","16.62","17.03","16.59","","0.89%"
"11/15/2021","16.65","16.65","16.95","16.38","","3.13%"
"11/12/2021","16.14","16.93","17.25","16.13","","-5.53%"
"11/11/2021","17.09","17.50","17.65","17.03","","-0.50%"
"11/10/2021","17.18","17.66","18.42","17.18","","-4.90%"
"11/09/2021","18.06","17.41","18.17","16.92","","5.02%"
"11/08/2021","17.20","17.43","17.45","16.72","","4.85%"
"11/05/2021","16.40","15.91","16.42","15.71","","2.70%"
"11/04/2021","15.97","15.59","16.08","15.47","","-3.03%"
"11/03/2021","16.47","16.98","17.01","16.45","","-2.29%"
"11/02/2021","16.86","17.69","17.91","16.85","","-3.65%"
"11/01/2021","17.50","17.71","18.32","17.49","","-0.68%"
"10/29/2021","17.62","18.53","19.99","17.53","","0.04%"
"10/28/2021","17.61","17.39","17.79","16.94","","4.08%"
"10/27/2021","16.92","16.62","17.59","16.52","","4.76%"
"10/26/2021","16.15","16.10","16.25","15.66","","-0.80%"
"10/25/2021","16.28","17.31","17.38","16.25","","-0.73%"
"10/22/2021","16.40","16.68","16.72","15.77","","-2.09%"
"10/21/2021","16.75","16.83","16.92","16.39","","4.83%"
"10/20/2021","15.98","16.60","16.63","15.68","","-1.91%"
"10/19/2021","16.29","17.34","17.40","16.23","","-4.92%"
"10/18/2021","17.13","18.28","18.84","17.01","","4.79%"
"10/15/2021","16.35","16.31","17.15","16.09","","-3.79%"
"10/14/2021","16.99","18.30","18.60","16.94","","-14.36%"
"10/13/2021","19.84","21.15","21.22","19.35","","-4.35%"
"10/12/2021","20.74","21.32","21.88","20.42","","2.80%"
"10/11/2021","20.18","21.39","22.23","20.13","","-0.50%"
"10/08/2021","20.28","20.95","21.41","19.86","","-3.52%"
"10/07/2021","21.02","22.23","22.47","20.68","","-13.61%"
"10/06/2021","24.33","24.71","26.07","23.70","","9.48%"
"10/05/2021","22.23","24.12","24.55","22.05","","-11.75%"
"10/04/2021","25.19","24.59","25.80","23.36","","4.77%"
"10/01/2021","24.04","25.69","26.39","23.53","","3.43%"
"09/30/2021","23.24","23.51","24.66","22.42","","-2.99%"
"09/29/2021","23.96","23.47","25.16","22.70","","-3.76%"
"09/28/2021","24.89","22.05","25.61","21.99","","19.48%"
"09/27/2021","20.83","21.02","21.80","20.27","","-4.63%"
"09/24/2021","21.85","21.68","22.55","21.24","","5.93%"
"09/23/2021","20.62","21.24","21.90","20.04","","-9.57%"
"09/22/2021","22.81","23.47","24.44","22.58","","-10.59%"
"09/21/2021","25.51","25.11","26.16","23.88","","-3.63%"
"09/20/2021","26.47","27.41","28.63","26.19","","14.26%"
"09/17/2021","23.17","20.10","23.24","19.53","","7.00%"
"09/16/2021","21.65","20.53","21.78","20.09","","-0.20%"
"09/15/2021","21.69","20.32","21.87","19.89","","6.02%"
"09/14/2021","20.46","20.88","21.40","19.64","","-1.35%"
"09/13/2021","20.74","20.28","21.07","19.74","","1.90%"
"09/10/2021","20.36","19.20","20.86","18.64","","3.64%"
"09/09/2021","19.64","21.64","21.93","18.92","","-4.16%"
"09/08/2021","20.49","20.58","21.34","19.32","","10.18%"
"09/07/2021","18.60","17.68","18.85","17.60","","5.95%"
"09/06/2021","17.56","17.78","17.78","17.15","","-3.50%"
"09/03/2021","18.19","17.42","19.10","16.94","","7.19%"
"09/02/2021","16.97","17.37","17.55","16.85","","-2.84%"
"09/01/2021","17.47","17.40","18.17","16.93","","-6.91%"
"08/31/2021","18.77","17.35","19.18","17.33","","7.24%"
"08/30/2021","17.50","18.01","18.09","17.40","","-0.58%"
"08/27/2021","17.60","19.24","19.43","17.41","","-7.82%"
"08/26/2021","19.09","19.53","20.01","18.54","","7.09%"
"08/25/2021","17.83","17.95","18.08","17.66","","-1.46%"
"08/24/2021","18.09","17.49","18.63","17.40","","1.12%"
"08/23/2021","17.89","18.92","19.52","17.80","","-11.20%"
"08/20/2021","20.15","22.25","23.66","20.01","","-8.94%"
"08/19/2021","22.13","21.08","25.16","21.07","","19.81%"
"08/18/2021","18.47","18.58","19.25","18.29","","0.44%"
"08/17/2021","18.39","19.20","19.20","18.12","","2.15%"
"08/16/2021","18.00","17.17","18.84","17.11","","13.94%"
"08/13/2021","15.80","16.07","16.20","15.63","","-1.91%"
"08/12/2021","16.11","16.93","16.99","15.94","","-5.46%"
"08/11/2021","17.04","17.12","17.60","16.71","","-1.37%"
"08/10/2021","17.28","17.21","17.35","16.94","","-1.57%"
"08/09/2021","17.55","18.35","18.63","17.52","","-1.89%"
"08/06/2021","17.89","18.51","18.55","17.41","","-1.98%"
"08/05/2021","18.25","18.79","18.90","18.21","","-5.02%"
"08/04/2021","19.21","19.36","20.00","18.91","","-5.00%"
"08/03/2021","20.22","20.41","21.05","19.33","","1.93%"
"08/02/2021","19.84","19.75","21.40","19.68","","-5.25%"
"07/30/2021","20.94","21.47","21.47","19.64","","8.74%"
"07/29/2021","19.26","18.73","19.33","18.43","","-1.16%"
"07/28/2021","19.48","21.15","21.25","19.46","","-8.78%"
"07/27/2021","21.36","19.81","21.42","19.25","","15.24%"
"07/26/2021","18.53","19.43","20.40","18.50","","5.58%"
"07/23/2021","17.55","19.26","19.31","17.54","","-11.85%"
"07/22/2021","19.91","20.27","20.49","18.82","","-7.48%"
"07/21/2021","21.52","23.05","23.53","21.23","","-12.12%"
"07/20/2021","24.49","22.85","26.31","22.67","","-3.71%"
"07/19/2021","25.44","22.24","26.69","21.90","","30.75%"
"07/16/2021","19.45","17.91","19.79","17.61","","4.35%"
"07/15/2021","18.64","17.23","19.26","17.00","","5.42%"
"07/14/2021","17.68","18.47","18.88","17.28","","-1.75%"
"07/13/2021","18.00","18.25","18.25","17.56","","0.26%"
"07/12/2021","17.95","18.21","19.41","17.90","","0.00%"
"07/09/2021","17.95","18.71","19.10","17.85","","-10.09%"
"07/08/2021","19.97","18.95","21.97","18.95","","15.29%"
"07/07/2021","17.32","17.13","18.02","16.85","","-4.46%"
"07/06/2021","18.13","17.17","18.43","16.49","","8.18%"
"07/05/2021","16.75","17.73","17.97","16.51","","1.08%"
"07/02/2021","16.57","17.61","17.75","16.23","","-6.50%"
"07/01/2021","17.73","17.39","18.98","16.96","","-2.52%"
"06/30/2021","18.18","17.34","19.51","17.23","","7.29%"
"06/29/2021","16.95","17.09","17.34","16.84","","-3.94%"
"06/28/2021","17.65","17.21","17.92","16.80","","5.77%"
"06/25/2021","16.68","17.49","17.77","16.59","","-3.86%"
"06/24/2021","17.35","17.60","18.03","16.93","","-6.45%"
"06/23/2021","18.55","17.35","18.82","17.20","","5.55%"
"06/22/2021","17.57","19.59","19.73","17.39","","-9.81%"
"06/21/2021","19.48","22.99","22.99","19.33","","-6.16%"
"06/18/2021","20.76","16.84","20.78","16.69","","21.56%"
"06/17/2021","17.08","17.35","17.82","16.41","","5.58%"
"06/16/2021","16.18","16.36","16.93","15.99","","-1.39%"
"06/15/2021","16.41","15.75","16.55","15.62","","2.22%"
"06/14/2021","16.05","15.48","16.10","15.31","","5.93%"
"06/11/2021","15.15","16.25","16.28","15.14","","-9.04%"
"06/10/2021","16.66","18.02","18.57","16.65","","-3.34%"
"06/09/2021","17.23","17.67","18.16","17.19","","-2.78%"
"06/08/2021","17.72","17.43","18.08","17.03","","0.08%"
"06/07/2021","17.71","18.42","18.46","17.28","","1.93%"
"06/04/2021","17.38","18.61","18.90","17.26","","-4.76%"
"06/03/2021","18.24","18.27","19.94","18.09","","2.22%"
"06/02/2021","17.85","18.57","19.20","17.83","","-4.92%"
"06/01/2021","18.77","18.17","18.80","17.62","","-1.70%"
"05/31/2021","19.10","17.74","19.10","17.67","","11.25%"
"05/28/2021","17.17","17.33","17.43","16.69","","-3.68%"
"05/27/2021","17.82","18.41","18.50","17.17","","-2.51%"
"05/26/2021","18.28","18.66","19.26","18.27","","-4.19%"
"05/25/2021","19.08","19.16","19.66","18.64","","-0.80%"
"05/24/2021","19.24","20.75","20.77","19.23","","-5.48%"
"05/21/2021","20.35","21.51","23.12","20.31","","-7.92%"
"05/20/2021","22.10","22.80","24.79","22.05","","-9.71%"
"05/19/2021","24.48","23.78","27.87","23.09","","14.89%"
"05/18/2021","21.31","20.22","22.60","19.81","","-2.28%"
"05/17/2021","21.81","19.66","22.03","19.66","","11.56%"
"05/14/2021","19.55","21.48","22.03","19.50","","-16.29%"
"05/13/2021","23.35","26.07","28.27","22.27","","-2.46%"
"05/12/2021","23.94","23.09","23.96","21.95","","6.12%"
"05/11/2021","22.56","21.72","23.89","21.15","","21.92%"
"05/10/2021","18.50","18.70","19.00","18.29","","0.64%"
"05/07/2021","18.38","19.77","20.11","18.37","","-9.78%"
"05/06/2021","20.38","19.17","21.49","19.14","","2.38%"
"05/05/2021","19.90","20.60","20.73","19.82","","-12.77%"
"05/04/2021","22.82","19.08","22.98","18.85","","14.49%"
"05/03/2021","19.93","20.48","21.66","19.55","","-3.39%"
"04/30/2021","20.63","18.45","20.65","18.34","","9.29%"
"04/29/2021","18.88","18.00","19.67","17.40","","2.72%"
"04/28/2021","18.38","18.57","18.78","17.92","","-4.35%"
"04/27/2021","19.21","18.41","19.22","17.90","","5.08%"
"04/26/2021","18.28","18.64","18.84","18.11","","0.53%"
"04/23/2021","18.19","18.66","19.97","18.05","","2.43%"
"04/22/2021","17.76","18.49","18.51","17.71","","-7.91%"
"04/21/2021","19.28","19.72","21.01","19.15","","-8.53%"
"04/20/2021","21.08","17.69","21.35","17.56","","22.48%"
"04/19/2021","17.21","16.64","17.42","16.47","","6.81%"
"04/16/2021","16.11","15.65","16.17","15.56","","2.58%"
"04/15/2021","15.71","15.37","15.89","15.33","","-2.98%"
"04/14/2021","16.19","16.17","16.29","15.76","","-0.73%"
"04/13/2021","16.31","16.67","17.28","16.04","","-4.36%"
"04/12/2021","17.05","16.61","17.36","16.60","","5.41%"
"04/09/2021","16.18","16.39","16.44","15.95","","0.10%"
"04/08/2021","16.16","16.28","16.49","16.00","","-3.03%"
"04/07/2021","16.66","16.97","17.16","16.59","","-2.58%"
"04/06/2021","17.11","17.82","17.82","16.76","","1.24%"
"04/01/2021","16.90","17.55","17.68","16.79","","-6.00%"
"03/31/2021","17.97","17.96","18.21","17.53","","-2.70%"
"03/30/2021","18.47","17.91","18.55","17.78","","0.68%"
"03/29/2021","18.35","17.98","18.59","17.65","","7.22%"
"03/26/2021","17.11","17.69","18.50","16.98","","-9.38%"
"03/25/2021","18.88","18.26","20.17","17.77","","6.26%"
"03/24/2021","17.77","18.38","18.57","17.64","","0.99%"
"03/23/2021","17.60","17.92","17.93","17.21","","-0.49%"
"03/22/2021","17.68","19.65","19.80","17.68","","-3.87%"
"03/19/2021","18.40","18.55","21.17","18.22","","5.34%"
"03/18/2021","17.46","17.00","17.74","16.68","","-0.62%"
"03/17/2021","17.57","17.59","17.91","17.07","","0.12%"
"03/16/2021","17.55","18.07","18.20","17.29","","-5.77%"
"03/15/2021","18.62","18.43","19.52","18.25","","-0.46%"
"03/12/2021","18.71","19.62","19.89","18.68","","-0.93%"
"03/11/2021","18.88","19.46","19.64","18.86","","-3.98%"
"03/10/2021","19.67","20.34","20.36","19.37","","-2.93%"
"03/09/2021","20.26","21.18","21.39","20.18","","-3.04%"
"03/08/2021","20.90","24.04","24.34","20.84","","-16.68%"
"03/05/2021","25.08","23.82","25.15","21.78","","13.52%"
"03/04/2021","22.09","22.91","23.84","21.84","","1.83%"
"03/03/2021","21.70","20.68","23.12","20.44","","-0.54%"
"03/02/2021","21.81","21.97","22.52","21.25","","-1.56%"
"03/01/2021","22.16","23.43","23.82","22.00","","-17.51%"
"02/26/2021","26.86","25.88","28.29","24.65","","21.57%"
"02/25/2021","22.10","20.75","22.59","20.45","","3.13%"
"02/24/2021","21.43","22.71","22.89","21.25","","-7.38%"
"02/23/2021","23.13","21.44","25.14","21.43","","6.63%"
"02/22/2021","21.69","23.49","23.90","21.58","","5.90%"
"02/19/2021","20.48","22.46","22.51","20.48","","-9.05%"
"02/18/2021","22.52","20.81","23.40","20.81","","3.18%"
"02/17/2021","21.83","21.48","22.05","19.52","","4.30%"
"02/16/2021","20.93","20.24","20.98","19.85","","3.85%"
"02/15/2021","20.15","20.14","20.68","19.92","","0.46%"
"02/12/2021","20.06","20.98","22.11","20.02","","-5.41%"
"02/11/2021","21.21","21.88","21.93","21.01","","-5.61%"
"02/10/2021","22.47","20.94","24.19","20.74","","6.37%"
"02/09/2021","21.12","20.63","21.30","20.26","","3.36%"
"02/08/2021","20.44","20.97","21.23","20.17","","-1.00%"
"02/05/2021","20.64","21.15","21.47","20.39","","-3.41%"
"02/04/2021","21.37","21.88","22.10","21.00","","-5.93%"
"02/03/2021","22.72","22.58","23.11","22.25","","-5.42%"
"02/02/2021","24.02","24.87","25.25","23.67","","-12.09%"
"02/01/2021","27.33","27.97","28.52","26.24","","-5.80%"
"01/29/2021","29.01","29.46","31.06","26.73","","11.88%"
"01/28/2021","25.93","29.56","33.03","25.38","","-3.14%"
"01/27/2021","26.77","23.77","29.24","23.54","","15.89%"
"01/26/2021","23.10","25.22","25.22","22.50","","-11.18%"
"01/25/2021","26.01","21.46","26.28","21.15","","22.00%"
"01/22/2021","21.32","21.00","23.63","20.99","","6.93%"
"01/21/2021","19.94","19.41","20.62","19.40","","-1.68%"
"01/20/2021","20.28","21.20","21.28","20.10","","-6.77%"
"01/19/2021","21.75","21.48","21.79","20.86","","-0.90%"
"01/18/2021","21.95","23.13","23.17","21.89","","-2.17%"
"01/15/2021","22.43","20.56","23.89","20.46","","13.92%"
"01/14/2021","19.69","19.89","20.20","19.42","","-6.64%"
"01/13/2021","21.09","21.33","22.04","20.93","","-3.91%"
"01/12/2021","21.95","21.68","22.50","21.13","","-0.13%"
"01/11/2021","21.98","21.28","22.84","21.19","","7.07%"
"01/08/2021","20.53","20.78","21.05","19.93","","-2.32%"
"01/07/2021","21.02","21.89","22.07","20.78","","-1.99%"
"01/06/2021","21.44","23.96","24.44","21.42","","-14.91%"
"01/05/2021","25.20","24.91","26.84","24.73","","1.44%"
"01/04/2021","24.84","22.99","26.06","22.37","","6.30%"
"12/30/2020","23.37","22.54","23.40","22.32","","4.41%"
"12/29/2020","22.38","21.55","22.66","21.21","","3.12%"
"12/28/2020","21.71","23.24","23.24","21.70","","-6.25%"
"12/23/2020","23.15","24.00","24.17","23.11","","-8.15%"
"12/22/2020","25.21","25.66","25.87","24.81","","-7.55%"
"12/21/2020","27.26","25.49","30.34","25.03","","26.08%"
"12/18/2020","21.63","20.71","21.89","19.95","","5.44%"
"12/17/2020","20.51","20.22","20.58","19.85","","-2.97%"
"12/16/2020","21.14","21.25","21.74","20.28","","-2.73%"
"12/15/2020","21.73","22.81","22.84","21.50","","-3.51%"
"12/14/2020","22.52","22.33","22.82","21.73","","-4.63%"
"12/11/2020","23.61","21.14","24.62","21.14","","14.29%"
"12/10/2020","20.66","20.49","21.89","20.06","","3.21%"
"12/09/2020","20.02","20.26","20.35","19.47","","-2.52%"
"12/08/2020","20.54","21.24","21.97","20.47","","-4.20%"
"12/07/2020","21.44","21.93","23.12","21.41","","2.96%"
"12/04/2020","20.82","21.02","21.37","20.64","","-2.34%"
"12/03/2020","21.32","21.65","22.15","20.97","","-1.74%"
"12/02/2020","21.69","21.54","22.14","21.17","","1.84%"
"12/01/2020","21.30","21.76","21.98","20.99","","-7.04%"
"11/30/2020","22.91","22.18","22.92","21.32","","14.12%"
"11/27/2020","20.08","20.17","20.27","19.61","","-0.77%"
"11/26/2020","20.23","20.65","20.79","20.15","","-2.61%"
"11/25/2020","20.78","21.26","21.71","20.76","","-2.76%"
"11/24/2020","21.37","21.62","21.76","21.09","","-4.99%"
"11/23/2020","22.49","21.96","22.58","21.41","","4.90%"
"11/20/2020","21.44","21.61","21.72","20.78","","-2.42%"
"11/19/2020","21.97","21.63","22.11","21.12","","5.11%"
"11/18/2020","20.90","22.47","22.47","20.83","","-6.07%"
"11/17/2020","22.25","22.24","23.16","22.09","","-0.59%"
"11/16/2020","22.38","23.34","24.04","22.38","","-3.28%"
"11/13/2020","23.14","23.90","23.95","22.46","","-0.68%"
"11/12/2020","23.30","23.94","24.07","23.13","","0.76%"
"11/11/2020","23.13","24.74","24.97","23.00","","-7.79%"
"11/10/2020","25.08","24.54","25.49","23.73","","5.10%"
"11/09/2020","23.86","24.98","25.96","23.48","","-6.84%"
"11/06/2020","25.62","26.35","28.10","25.30","","-2.87%"
"11/05/2020","26.37","26.81","26.81","25.68","","-5.82%"
"11/04/2020","28.00","33.81","33.81","27.35","","-14.53%"
"11/03/2020","32.76","34.07","34.07","32.51","","-7.01%"
"11/02/2020","35.23","36.22","36.32","34.14","","-0.32%"
"10/30/2020","35.35","37.61","38.08","35.25","","-5.87%"
"10/29/2020","37.55","38.00","39.86","36.75","","-1.85%"
"10/28/2020","38.26","37.59","39.92","35.45","","16.86%"
"10/27/2020","32.74","32.54","33.43","31.64","","3.10%"
"10/26/2020","31.76","30.92","31.82","29.85","","12.78%"
"10/23/2020","28.16","28.91","28.91","27.19","","-2.87%"
"10/22/2020","28.99","30.88","30.88","28.79","","-1.57%"
"10/21/2020","29.45","28.24","29.68","27.96","","6.59%"
"10/20/2020","27.63","27.29","27.77","26.47","","3.80%"
"10/19/2020","26.62","25.55","26.75","25.30","","5.14%"
"10/16/2020","25.32","25.45","26.36","24.53","","-5.68%"
"10/15/2020","26.84","25.09","27.45","25.09","","15.49%"
"10/14/2020","23.24","23.03","23.42","22.46","","1.32%"
"10/13/2020","22.94","22.83","23.25","22.05","","3.09%"
"10/12/2020","22.25","22.63","22.72","21.89","","0.07%"
"10/09/2020","22.24","23.19","23.47","22.15","","-7.27%"
"10/08/2020","23.98","24.40","24.62","23.80","","-3.98%"
"10/07/2020","24.97","25.31","25.51","24.65","","-0.95%"
"10/06/2020","25.21","25.81","26.21","24.88","","-4.05%"
"10/05/2020","26.28","27.38","27.56","26.21","","-2.02%"
"10/02/2020","26.82","27.95","28.55","26.73","","1.05%"
"10/01/2020","26.54","26.09","26.74","25.66","","1.83%"
"09/30/2020","26.06","27.16","27.46","25.56","","-3.13%"
"09/29/2020","26.90","27.55","27.89","26.33","","0.29%"
"09/28/2020","26.82","27.04","27.23","26.44","","-3.54%"
"09/25/2020","27.81","28.22","29.87","27.66","","-1.89%"
"09/24/2020","28.34","28.95","29.25","27.59","","4.33%"
"09/23/2020","27.17","27.51","27.66","26.06","","-3.35%"
"09/22/2020","28.11","28.89","29.03","27.30","","-5.93%"
"09/21/2020","29.88","25.53","30.15","25.53","","31.93%"
"09/18/2020","22.65","22.67","23.33","21.54","","0.46%"
"09/17/2020","22.55","23.74","23.86","22.41","","2.52%"
"09/16/2020","21.99","21.78","22.80","20.78","","-0.56%"
"09/15/2020","22.12","22.51","22.67","21.71","","-2.01%"
"09/14/2020","22.57","23.24","23.98","22.57","","-4.88%"
"09/11/2020","23.72","24.87","25.21","23.50","","-5.12%"
"09/10/2020","25.01","25.78","26.42","24.07","","-3.41%"
"09/09/2020","25.89","27.25","27.52","25.83","","-9.00%"
"09/08/2020","28.45","27.50","31.35","27.38","","1.89%"
"09/07/2020","27.92","29.23","29.30","27.57","","-11.95%"
"09/04/2020","31.71","30.28","33.20","27.86","","9.31%"
"09/03/2020","29.01","25.90","29.56","24.85","","9.01%"
"09/02/2020","26.61","26.48","26.72","25.05","","-1.86%"
"09/01/2020","27.12","26.11","27.90","25.23","","1.49%"
"08/31/2020","26.72","24.19","26.79","24.00","","6.21%"
"08/28/2020","25.16","24.25","25.61","23.55","","6.79%"
"08/27/2020","23.56","23.50","23.75","22.17","","7.08%"
"08/26/2020","22.00","22.99","23.25","21.95","","-5.81%"
"08/25/2020","23.36","22.55","23.49","21.85","","1.08%"
"08/24/2020","23.11","23.25","23.69","22.85","","-5.04%"
"08/21/2020","24.34","23.28","26.12","22.92","","1.26%"
"08/20/2020","24.04","24.11","25.12","23.19","","9.31%"
"08/19/2020","21.99","23.03","23.45","21.93","","-5.50%"
"08/18/2020","23.27","22.97","23.66","21.91","","2.13%"
"08/17/2020","22.78","24.73","25.14","22.75","","-4.54%"
"08/14/2020","23.87","23.67","25.86","23.53","","5.18%"
"08/13/2020","22.69","22.64","23.27","22.41","","1.00%"
"08/12/2020","22.47","24.28","24.28","21.92","","-3.93%"
"08/11/2020","23.39","23.33","23.87","22.38","","-3.01%"
"08/10/2020","24.11","24.66","25.24","23.83","","-0.35%"
"08/07/2020","24.20","24.90","25.66","23.75","","-2.97%"
"08/06/2020","24.94","23.40","25.49","22.89","","4.16%"
"08/05/2020","23.94","24.03","24.76","23.70","","-4.56%"
"08/04/2020","25.09","25.41","26.40","24.89","","-2.60%"
"08/03/2020","25.76","27.14","27.46","25.42","","-3.40%"
"07/31/2020","26.66","26.70","27.78","25.16","","-4.86%"
"07/30/2020","28.02","25.18","29.71","25.18","","15.65%"
"07/29/2020","24.23","24.72","24.86","24.11","","-0.68%"
"07/28/2020","24.40","24.38","25.94","24.30","","-3.33%"
"07/27/2020","25.24","25.97","26.45","24.92","","-1.33%"
"07/24/2020","25.58","27.06","27.18","25.28","","9.71%"
"07/23/2020","23.31","23.44","23.83","22.19","","-3.71%"
"07/22/2020","24.21","23.50","25.15","23.46","","3.08%"
"07/21/2020","23.49","23.40","23.59","21.84","","-2.99%"
"07/20/2020","24.21","26.07","26.67","24.14","","-5.34%"
"07/17/2020","25.58","26.19","26.78","25.58","","-4.59%"
"07/16/2020","26.81","27.06","27.89","26.53","","-2.78%"
"07/15/2020","27.57","27.48","27.93","26.82","","-4.69%"
"07/14/2020","28.93","29.55","30.62","28.75","","6.61%"
"07/13/2020","27.14","28.13","28.72","27.07","","-4.55%"
"07/10/2020","28.43","31.25","31.25","28.37","","-6.64%"
"07/09/2020","30.45","28.74","30.85","27.67","","2.97%"
"07/08/2020","29.57","28.96","29.83","28.11","","5.86%"
"07/07/2020","27.93","29.01","29.34","27.92","","1.21%"
"07/06/2020","27.60","27.71","28.46","27.52","","-2.36%"
"07/03/2020","28.27","27.47","28.88","27.11","","2.45%"
"07/02/2020","27.59","28.85","28.97","27.25","","-8.42%"
"07/01/2020","30.13","31.95","32.08","29.77","","-5.00%"
"06/30/2020","31.72","34.03","34.11","31.55","","-8.04%"
"06/29/2020","34.49","35.57","36.58","33.96","","-1.94%"
"06/26/2020","35.17","33.69","35.68","32.13","","1.41%"
"06/25/2020","34.68","39.15","39.60","34.45","","-5.77%"
"06/24/2020","36.81","32.07","36.88","31.81","","17.44%"
"06/23/2020","31.34","32.33","32.33","30.95","","-7.22%"
"06/22/2020","33.78","35.31","35.35","33.05","","4.86%"
"06/19/2020","32.21","33.85","33.94","31.35","","-8.08%"
"06/18/2020","35.05","34.78","37.17","33.95","","-0.89%"
"06/17/2020","35.36","35.04","36.19","33.77","","-2.04%"
"06/16/2020","36.10","35.47","38.15","32.90","","-6.03%"
"06/15/2020","38.41","44.14","45.22","38.20","","-7.24%"
"06/12/2020","41.41","38.24","42.21","36.23","","14.96%"
"06/11/2020","36.02","33.42","36.13","32.12","","19.86%"
"06/10/2020","30.05","28.92","31.31","28.89","","1.03%"
"06/09/2020","29.75","28.46","30.93","28.44","","5.78%"
"06/08/2020","28.12","28.64","28.68","27.50","","0.82%"
"06/05/2020","27.89","26.94","27.89","26.71","","0.83%"
"06/04/2020","27.66","29.44","29.44","26.78","","-6.57%"
"06/03/2020","29.61","29.94","29.95","28.99","","-3.49%"
"06/02/2020","30.68","29.68","30.68","28.92","","1.92%"
"06/01/2020","30.10","30.37","32.13","30.05","","-3.30%"
"05/29/2020","31.13","30.58","31.44","29.68","","7.31%"
"05/28/2020","29.01","28.87","29.39","28.28","","-1.34%"
"05/27/2020","29.40","27.92","30.35","27.05","","4.85%"
"05/26/2020","28.04","28.40","29.58","28.04","","-3.83%"
"05/25/2020","29.16","31.25","32.00","29.08","","-7.19%"
"05/22/2020","31.42","34.13","34.64","31.27","","-2.78%"
"05/21/2020","32.31","30.35","32.46","29.62","","11.01%"
"05/20/2020","29.11","30.80","31.45","28.97","","-3.52%"
"05/19/2020","30.17","28.91","31.13","28.62","","3.83%"
"05/18/2020","29.06","31.81","31.96","28.90","","-15.70%"
"05/15/2020","34.47","32.76","35.56","32.19","","-5.10%"
"05/14/2020","36.32","35.13","39.42","34.33","","8.68%"
"05/13/2020","33.42","31.19","33.90","30.00","","20.78%"
"05/12/2020","27.67","29.51","29.54","27.41","","-7.48%"
"05/11/2020","29.91","29.08","32.21","28.74","","0.82%"
"05/08/2020","29.66","31.37","31.88","29.64","","-8.53%"
"05/07/2020","32.43","33.78","33.85","32.42","","-6.83%"
"05/06/2020","34.81","34.79","35.07","33.34","","0.88%"
"05/05/2020","34.51","35.36","37.69","34.44","","-9.96%"
"05/04/2020","38.32","39.70","40.84","38.03","","13.01%"
"04/30/2020","33.91","30.65","34.53","30.57","","10.38%"
"04/29/2020","30.72","32.25","32.93","30.58","","-6.94%"
"04/28/2020","33.01","34.32","34.36","31.78","","-4.92%"
"04/27/2020","34.72","37.93","38.16","34.71","","-13.58%"
"04/24/2020","40.17","42.66","42.83","39.04","","-0.44%"
"04/23/2020","40.35","42.91","44.23","39.76","","-8.20%"
"04/22/2020","43.96","46.64","46.79","43.70","","-8.84%"
"04/21/2020","48.22","44.17","48.31","43.67","","16.77%"
"04/20/2020","41.30","41.80","44.22","40.83","","0.23%"
"04/17/2020","41.20","41.08","41.88","39.82","","-4.76%"
"04/16/2020","43.26","43.21","44.72","41.66","","-3.77%"
"04/15/2020","44.96","40.79","45.34","40.79","","11.07%"
"04/14/2020","40.48","42.60","42.89","39.53","","-9.47%"
"04/09/2020","44.71","43.29","46.41","42.86","","-1.29%"
"04/08/2020","45.30","47.58","48.11","45.17","","-2.14%"
"04/07/2020","46.29","41.24","47.27","40.33","","7.57%"
"04/06/2020","43.03","43.65","43.65","41.39","","-6.21%"
"04/03/2020","45.88","48.18","48.78","45.61","","-8.08%"
"04/02/2020","49.92","49.24","52.10","47.72","","-2.40%"
"04/01/2020","51.14","53.89","55.17","49.48","","5.24%"
"03/31/2020","48.59","52.17","53.45","47.94","","-12.65%"
"03/30/2020","55.63","62.12","63.70","55.52","","-8.79%"
"03/27/2020","60.99","56.16","63.13","56.07","","12.30%"
"03/26/2020","54.31","60.21","61.15","52.85","","-4.93%"
"03/25/2020","57.13","51.57","60.36","50.76","","8.76%"
"03/24/2020","52.53","57.04","57.64","49.65","","-18.47%"
"03/23/2020","64.43","75.92","75.94","60.13","","-5.55%"
"03/20/2020","68.21","65.20","72.13","62.86","","-12.93%"
"03/19/2020","78.35","84.64","87.48","78.35","","-7.61%"
"03/18/2020","84.80","84.98","90.26","80.30","","9.75%"
"03/17/2020","77.26","79.57","92.42","74.66","","-9.76%"
"03/16/2020","85.62","81.50","95.02","81.26","","15.19%"
"03/13/2020","74.33","68.65","77.74","59.90","","3.93%"
"03/12/2020","71.52","60.57","74.03","60.45","","33.04%"
"03/11/2020","53.76","51.45","55.62","51.01","","-0.07%"
"03/10/2020","53.80","51.56","55.82","44.18","","-0.55%"
"03/09/2020","54.10","57.88","64.63","52.76","","25.76%"
"03/06/2020","43.02","37.88","46.61","37.88","","29.81%"
"03/05/2020","33.14","29.82","35.24","29.70","","11.36%"
"03/04/2020","29.76","32.67","32.67","28.84","","-11.03%"
"03/03/2020","33.45","32.04","33.74","29.31","","-7.39%"
"03/02/2020","36.12","34.69","43.13","33.29","","-14.49%"
"02/28/2020","42.24","43.73","49.69","40.37","","21.73%"
"02/27/2020","34.70","27.62","38.49","26.72","","41.40%"
"02/26/2020","24.54","27.51","32.64","24.47","","-10.57%"
"02/25/2020","27.44","21.34","27.73","21.34","","21.09%"
"02/24/2020","22.66","21.71","23.45","21.11","","43.87%"
"02/21/2020","15.75","15.42","16.62","14.55","","11.78%"
"02/20/2020","14.09","12.92","14.09","12.88","","9.39%"
"02/19/2020","12.88","13.25","13.25","12.52","","-6.94%"
"02/18/2020","13.84","13.52","14.05","13.33","","6.71%"
"02/17/2020","12.97","13.22","13.26","12.96","","-0.69%"
"02/14/2020","13.06","13.12","13.33","12.75","","-1.43%"
"02/13/2020","13.25","13.04","14.58","12.83","","6.43%"
"02/12/2020","12.45","12.88","12.91","12.42","","-3.64%"
"02/11/2020","12.92","13.17","13.58","12.72","","-5.69%"
"02/10/2020","13.70","13.97","14.28","13.67","","2.85%"
"02/07/2020","13.32","13.13","14.16","12.83","","2.54%"
"02/06/2020","12.99","13.31","13.45","12.98","","-4.56%"
"02/05/2020","13.61","14.64","14.73","13.38","","-6.14%"
"02/04/2020","14.50","15.27","15.34","14.46","","-10.93%"
"02/03/2020","16.28","17.06","17.37","15.88","","-5.07%"
"01/31/2020","17.15","15.31","17.55","15.13","","4.45%"
"01/30/2020","16.42","16.45","16.97","15.47","","13.87%"
"01/29/2020","14.42","14.80","15.11","14.22","","-5.13%"
"01/28/2020","15.20","15.93","16.92","14.95","","-11.47%"
"01/27/2020","17.17","15.68","17.46","14.99","","35.52%"
"01/24/2020","12.67","12.12","12.71","11.73","","-3.72%"
"01/23/2020","13.16","12.64","13.32","12.17","","7.52%"
"01/22/2020","12.24","11.65","12.33","11.41","","3.64%"
"01/21/2020","11.81","12.66","12.66","11.79","","4.98%"
"01/20/2020","11.25","11.26","11.57","11.19","","5.24%"
"01/17/2020","10.69","10.84","10.97","10.50","","-2.99%"
"01/16/2020","11.02","11.39","11.59","11.02","","-8.47%"
"01/15/2020","12.04","12.76","12.77","12.01","","-2.98%"
"01/14/2020","12.41","13.02","13.66","12.37","","-2.36%"
"01/13/2020","12.71","12.73","13.00","12.40","","2.58%"
"01/10/2020","12.39","12.70","12.90","12.30","","-4.98%"
"01/09/2020","13.04","12.99","13.28","12.76","","-7.12%"
"01/08/2020","14.04","15.28","15.55","13.92","","-1.20%"
"01/07/2020","14.21","14.30","15.12","14.05","","-6.14%"
"01/06/2020","15.14","15.45","16.81","14.89","","8.45%"
"01/03/2020","13.96","14.36","15.00","13.88","","10.18%"
"01/02/2020","12.67","13.37","13.45","12.56","","-9.18%"